FinishedProduct,RawMaterial,Supplier,Supplier_Product_Link
FG-thrive-market-671635734464,RM-C60-magnesium-glycinate-37b966a0,PureBulk,https://purebulk.com/search?q=magnesium+glycinate
FG-thrive-market-671635734464,RM-C60-vegan-capsule-hypromellose-e7b625d7,Capsuline,https://capsuline.com/search?q=vegan+capsule+hypromellose
FG-vitacost-vitacost-synergy-vitamin-d3-with-cultured-nutrients-fruits-vegetables,RM-C57-cultured-nutrients-5c87fee4,Nutra Blend,https://feedsforless.com/search?q=cultured+nutrients
FG-vitacost-vitacost-synergy-vitamin-d3-with-cultured-nutrients-fruits-vegetables,RM-C57-fruit-nutrients-b65036d4,Nutra Blend,https://feedsforless.com/search?q=fruit+nutrients
FG-vitacost-vitacost-synergy-vitamin-d3-with-cultured-nutrients-fruits-vegetables,RM-C57-vegetable-nutrients-4667fd2d,Nutra Blend,https://feedsforless.com/search?q=vegetable+nutrients
FG-vitacost-vitacost-synergy-vitamin-d3-with-cultured-nutrients-fruits-vegetables,RM-C57-vitamin-d3-9213116f,PureBulk,https://purebulk.com/search?q=vitamin+d3
FG-sams-club-p03016382,RM-C13-b-vitamins-00134c85,PureBulk,https://purebulk.com/search?q=b+vitamins
FG-sams-club-p03016382,RM-C13-energy-support-botanicals-nutrients-4823efcb,Nutra Blend,https://feedsforless.com/search?q=energy+support+botanicals+nutrients
FG-sams-club-p03016382,RM-C13-probiotic-cultures-4fa0be80,Custom Probiotics,https://www.google.com/search?q=site:customprobiotics.com+probiotic+cultures
FG-sams-club-p03016382,RM-C13-vitamin-d-b89cc23f,PureBulk,https://purebulk.com/search?q=vitamin+d
